First Name,Last Name,Plus 1s,Extra1,Extra2,Extra3,Extra4,Extra5,Extra6
John,Doe,1,Susan Johnson,Sarah Smith,Michael Brown,,,
Jane,Smith,3,,,David Johnson,Emily White,,
Robert,Johnson,2,Emily White,Susan Johnson,,,,
Emily,White,2,David Johnson,Michael Brown,,,,
Michael,Brown,1,John Doe,,,,,
Sarah,Smith,1,Robert Johnson,,,,,
Susan,Johnson,2,Sarah Smith,John Doe,,,,
David,Johnson,0,Emily White,,,,,
Adam,Jones,1,Susan Johnson,Michael Brown,,,,
Laura,Anderson,1,Emily White,,,,,
Christopher,Taylor,2,Michael Brown,David Johnson,,,,
Amanda,Clark,0,,,,,,
Daniel,Williams,1,Emily White,,,,,
Rebecca,Thomas,1,John Doe,,,,,
Matthew,Moore,3,Susan Johnson,Sarah Smith,David Johnson,,,
Ashley,Martin,2,Michael Brown,Susan Johnson,,,,
Joshua,Hall,1,John Doe,,,,,
Jennifer,Wilson,2,David Johnson,Emily White,,,,
James,Robinson,0,Susan Johnson,,,,,
Jessica,Davis,1,Emily White,,,,,
Andrew,Taylor,1,Michael Brown,,,,,
Brittany,Anderson,2,John Doe,Emily White,,,,
Nicholas,Thomas,1,David Johnson,,,,,
Lauren,Hernandez,3,Susan Johnson,Sarah Smith,Michael Brown,,,
Tyler,Wright,0,,,,,,
Stephanie,King,1,John Doe,,,,,
Justin,Lee,1,Emily White,,,,,
Heather,Young,2,Michael Brown,Susan Johnson,,,,
Brandon,Gonzalez,1,David Johnson,,,,,
Megan,Allen,1,John Doe,,,,,
Zachary,Hall,2,Emily White,Susan Johnson,,,,
Rachel,Lewis,0,,,,,,
Kevin,Walker,1,Michael Brown,,,,,
Kelsey,Perez,1,David Johnson,,,,,
Aaron,Howard,2,John Doe,Emily White,,,,
Samantha,Hall,1,Michael Brown,,,,,
Patrick,Green,1,Emily White,,,,,
Hannah,Adams,0,,,,,,
Austin,Nelson,2,David Johnson,Susan Johnson,,,,
Alexis,Campbell,1,John Doe,,,,,
Nathan,Carter,3,Susan Johnson,Sarah Smith,Michael Brown,,,
Erica,Morris,1,Emily White,,,,,
Jordan,Evans,1,David Johnson,,,,,
Ryan,Rivera,0,,,,,,
Taylor,Collins,2,John Doe,Emily White,,,,
Kayla,Cooper,1,Michael Brown,,,,,
Jeffrey,Ward,1,Emily White,,,,,
Courtney,Richardson,2,David Johnson,Susan Johnson,,,,
Dylan,Watson,1,John Doe,,,,,
Katie,Brooks,1,Michael Brown,,,,,
Nicholas,Ross,0,,,,,,
Victoria,Watson,2,Emily White,Susan Johnson,,,,
Kyle,Bennett,1,David Johnson,,,,,
Amber,Gray,1,John Doe,,,,,
Benjamin,James,3,Susan Johnson,Sarah Smith,Michael Brown,,,
Emily,Ward,2,David Johnson,Susan Johnson,,,,
Jacob,Reed,1,John Doe,,,,,
Cassandra,Cruz,1,Michael Brown,,,,,
Gregory,Hughes,0,,,,,,
Melissa,Parker,2,Emily White,,,,,
Ethan,Ross,1,John Doe,,,,,
Madison,Hill,1,Michael Brown,,,,,
Christian,Young,2,David Johnson,Susan Johnson,,,,
Julia,Scott,1,John Doe,,,,,
Jesse,Diaz,1,Emily White,,,,,
Angela,Morales,0,,,,,,
Chad,Watson,2,Susan Johnson,Emily White,,,,
Brianna,Brooks,1,David Johnson,,,,,
Juan,Ward,1,John Doe,,,,,
Lindsey,Perez,3,Michael Brown,Susan Johnson,Emily White,,,
Cameron,Garcia,1,David Johnson,,,,,
April,Bell,1,John Doe,,,,,
Trevor,Hughes,0,,,,,,
Kaitlyn,Simmons,2,Emily White,Susan Johnson,,,,
Dustin,Flores,1,John Doe,,,,,
Sabrina,Scott,1,Michael Brown,,,,,
Derrick,Reyes,2,David Johnson,,,,,
Jacqueline,Flores,1,John Doe,,,,,
Casey,Lopez,1,Michael Brown,,,,,
Phillip,Cook,0,,,,,,
Krystal,Morris,2,David Johnson,Susan Johnson,,,,
Jesus,Gonzalez,1,John Doe,,,,,
Monica,Ramirez,1,Michael Brown,,,,,
Vincent,Garcia,3,David Johnson,Susan Johnson,Emily White,,,
Bethany,Stewart,1,John Doe,,,,,
Corey,Brooks,1,Michael Brown,,,,,
Tiffany,Hill,0,,,,,,
Todd,Wood,2,Emily White,,,,,
Erin,Walker,1,John Doe,,,,,
Gabriel,Harris,1,Michael Brown,,,,,
Andrea,Flores,2,David Johnson,Susan Johnson,,,,
Bryan,Watson,1,John Doe,,,,,
Wendy,Long,1,Michael Brown,,,,,
Joel,Gonzalez,0,,,,,,
Jamie,Ramirez,2,Emily White,Susan Johnson,,,,
Travis,Gray,1,John Doe,,,,,
Sandra,Howard,1,Michael Brown,,,,,
Zachary,Rogers,3,David Johnson,,,,,
Diana,Stewart,1,John Doe,,,,,
Colin,Gray,1,Michael Brown,,,,,
Marissa,Flores,0,,,,,,
Russell,King,2,Emily White,Susan Johnson,,,,
Carolyn,Bryant,1,John Doe,,,,,
Oscar,James,1,Michael Brown,,,,,
Michele,Martin,2,David Johnson,Susan Johnson,,,,
Troy,Roberts,1,John Doe,,,,,
Veronica,Long,1,Michael Brown,,,,,
Gerald,Rodriguez,0,,,,,,
Alexandra,Morris,2,Emily White,Susan Johnson,,,,
Allen,Greene,1,John Doe,,,,,
Gina,Reyes,1,Michael Brown,,,,,
Mitchell,Scott,3,David Johnson,Susan Johnson,Emily White,,,
Kristen,Brown,1,John Doe,,,,,
Brent,Hernandez,1,Michael Brown,,,,,
Brenda,Young,0,,,,,,
Philip,Campbell,2,Emily White,Susan Johnson,,,,
Christina,Thomas,1,John Doe,,,,,
Eddie,Walker,1,Michael Brown,,,,,
Pamela,King,2,David Johnson,Susan Johnson,,,,
Ricky,Reyes,1,John Doe,,,,,
Catherine,Cooper,1,Michael Brown,,,,,
Sylvia,White,0,,,,,,
Lucas,Turner,2,Emily White,Susan Johnson,,,,
Belinda,Morris,1,John Doe,,,,,
Raymond,Hill,1,Michael Brown,,,,,
Priscilla,Collins,3,David Johnson,Susan Johnson,Emily White,,,
Courtney,Green,1,John Doe,,,,,
Barry,Rivera,1,Michael Brown,,,,,
Norma,Bell,0,,,,,,
Leah,Evans,2,Emily White,Susan Johnson,,,,
Luis,Morales,1,John Doe,,,,,
Candace,Hall,1,Michael Brown,,,,,
Clayton,Wood,2,David Johnson,Susan Johnson,,,,
Rita,Wilson,1,John Doe,,,,,
Warren,Watson,1,Michael Brown,,,,,
Monique,Watson,0,,,,,,
Jeremiah,Cruz,2,Emily White,Susan Johnson,,,,
Kristin,Cox,1,John Doe,,,,,
Carl,Barnes,1,Michael Brown,,,,,
Virginia,Lopez,3,David Johnson,Susan Johnson,Emily White,,,
Jerome,Young,1,John Doe,,,,,
Lorraine,Wright,1,Michael Brown,,,,,
Caleb,Gray,0,,,,,,
Doreen,Howard,2,Emily White,Susan Johnson,,,,
Omar,Ross,1,John Doe,,,,,
Jacquelyn,Perez,1,Michael Brown,,,,,
Marvin,Walker,3,David Johnson,Susan Johnson,Emily White,,,
Lori,Watson,1,John Doe,,,,,
Darryl,Stewart,1,Michael Brown,,,,,
Brandi,James,0,,,,,,
Glenn,Flores,2,Emily White,Susan Johnson,,,,
Cheryl,Morris,1,John Doe,,,,,
Terrance,Scott,1,Michael Brown,,,,,
Evelyn,Roberts,3,David Johnson,Susan Johnson,Emily White,,,
Samantha,Rivera,1,John Doe,,,,,
Wallace,Hughes,1,Michael Brown,,,,,
Debra,Martin,0,,,,,,
Dean,Reyes,2,Emily White,Susan Johnson,,,,
Elena,Gonzalez,1,John Doe,,,,,
Bradley,Gray,1,Michael Brown,,,,,
Maureen,Hill,3,David Johnson,Susan Johnson,Emily White,,,
Dwayne,King,1,John Doe,,,,,
Rachael,Adams,1,Michael Brown,,,,,
Guy,Rodriguez,0,,,,,,
Robyn,Cooper,2,Emily White,Susan Johnson,,,,
Jermaine,Long,1,John Doe,,,,,
Kelley,Howard,1,Michael Brown,,,,,
Miranda,Flores,3,David Johnson,Susan Johnson,Emily White,,,
Timothy,Watson,1,John Doe,,,,,
Gwen,Bell,1,Michael Brown,,,,,
Terry,Hernandez,0,,,,,,
Jenny,Watson,2,Emily White,Susan Johnson,,,,
Hector,Rivera,1,John Doe,,,,,
Marilyn,James,1,Michael Brown,,,,,
Roy,Cook,3,David Johnson,Susan Johnson,Emily White,,,
Kristina,Thomas,1,John Doe,,,,,
Lance,Moore,1,Michael Brown,,,,,
Loretta,Garcia,0,,,,,,
Leonard,Scott,2,Emily White,Susan Johnson,,,,
Valerie,Bryant,1,John Doe,,,,,
Nelson,Gonzalez,1,Michael Brown,,,,,
Joann,Reyes,3,David Johnson,Susan Johnson,Emily White,,,
Salvador,Brooks,1,John Doe,,,,,
Edith,Watson,1,Michael Brown,,,,,
Lucille,Gray,0,,,,,,
Raul,Howard,2,Emily White,Susan Johnson,,,,
Marion,Rodriguez,1,John Doe,,,,,
Shannon,Flores,1,Michael Brown,,,,,
Leroy,Ward,3,David Johnson,Susan Johnson,Emily White,,,
Sherri,Cooper,1,John Doe,,,,,
Andy,Hughes,1,Michael Brown,,,,,
Margie,Morris,0,,,,,,
Jesus,Gonzalez,2,Emily White,Susan Johnson,,,,
Eva,Rivera,1,John Doe,,,,,
Tommy,James,1,Michael Brown,,,,,
Vera,Cook,3,David Johnson,Susan Johnson,Emily White,,,
Vanessa,Thomas,1,John Doe,,,,,
Seth,Walker,1,Michael Brown,,,,,
Gladys,King,0,,,,,,
Craig,Watson,2,Emily White,Susan Johnson,,,,
Eileen,Roberts,1,John Doe,,,,,
Erik,Hughes,1,Michael Brown,,,,,
Gwen,Watson,3,David Johnson,Susan Johnson,Emily White,,,
Frank,Gray,1,John Doe,,,,,
Rhonda,Hernandez,1,Michael Brown,,,,,
Wilma,Rivera,0,,,,,,
Rickey,Howard,2,Emily White,Susan Johnson,,,,
Herman,Young,1,John Doe,,,,,
Sherry,Flores,1,Michael Brown,,,,,
Ericka,Ward,3,David Johnson,Susan Johnson,Emily White,,,
Doris,Cooper,1,John Doe,,,,,
Alton,Hughes,1,Michael Brown,,,,,
Jeanne,Morris,0,,,,,,
Duane,Watson,2,Emily White,Susan Johnson,,,,
Mattie,James,1,John Doe,,,,,
Alfred,Rivera,1,Michael Brown,,,,,
Eva,Cook,3,David Johnson,Susan Johnson,Emily White,,,
Sergio,Thomas,1,John Doe,,,,,
Joanne,Walker,1,Michael Brown,,,,,
Isaac,King,0,,,,,,
Carmen,Watson,2,Emily White,Susan Johnson,,,,
Lyle,Roberts,1,John Doe,,,,,
Kari,Hernandez,1,Michael Brown,,,,,
Kristie,Rivera,3,David Johnson,Susan Johnson,Emily White,,,
Bert,Howard,1,John Doe,,,,,
Hilda,Young,1,Michael Brown,,,,,
Orlando,Flores,0,,,,,,
Shelley,Ward,2,Emily White,Susan Johnson,,,,
Erik,Gray,1,John Doe,,,,,
Patti,Hughes,1,Michael Brown,,,,,
Toni,Watson,3,David Johnson,Susan Johnson,Emily White,,,
Ralph,James,1,John Doe,,,,,
Leona,Rivera,1,Michael Brown,,,,,
Morris,Cook,0,,,,,,
Cecelia,Thomas,2,Emily White,Susan Johnson,,,,
Marlon,Walker,1,John Doe,,,,,
Geneva,Hernandez,1,Michael Brown,,,,,
Sammie,Rivera,3,David Johnson,Susan Johnson,Emily White,,,
Winston,Howard,1,John Doe,,,,,
Bernadette,Young,1,Michael Brown,,,,,
Russell,Flores,0,,,,,,
Marla,Ward,2,Emily White,Susan Johnson,,,,
Dewayne,Gray,1,John Doe,,,,,
Lena,Hughes,1,Michael Brown,,,,,
Tommie,Watson,3,David Johnson,Susan Johnson,Emily White,,,
Cecil,James,1,John Doe,,,,,
Delores,Rivera,1,Michael Brown,,,,,
Darnell,Cook,0,,,,,,
